
INSERT INTO ambassadors (ID, FIRSTNAME, LASTNAME, POSTALCODE) VALUES (1, 'Mike', 'Smith', '63139');
INSERT INTO ambassadors (ID, FIRSTNAME, LASTNAME, POSTALCODE) VALUES (2, 'Phillip', 'Jones', '63110');
INSERT INTO ambassadors (ID, FIRSTNAME, LASTNAME, POSTALCODE) VALUES (3, 'Martha', 'Williams', '63123');

INSERT INTO tags (ID, TYPE, NAME) VALUES (1000, 'Language', 'Afrikaans');
INSERT INTO tags (ID, TYPE, NAME) VALUES (1001, 'Language', 'Albanian');
INSERT INTO tags (ID, TYPE, NAME) VALUES (1002, 'Language', 'Amharic');
INSERT INTO tags (ID, TYPE, NAME) VALUES (1003, 'Language', 'Arabic - Algeria');
INSERT INTO tags (ID, TYPE, NAME) VALUES (1004, 'Language', 'Arabic - Bahrain');
INSERT INTO tags (ID, TYPE, NAME) VALUES (1005, 'Language', 'Arabic - Egypt');
INSERT INTO tags (ID, TYPE, NAME) VALUES (1006, 'Language', 'Arabic - Iraq');
INSERT INTO tags (ID, TYPE, NAME) VALUES (1007, 'Language', 'Arabic - Jordan');
INSERT INTO tags (ID, TYPE, NAME) VALUES (1008, 'Language', 'Arabic - Kuwait');
INSERT INTO tags (ID, TYPE, NAME) VALUES (1009, 'Language', 'Arabic - Lebanon');
INSERT INTO tags (ID, TYPE, NAME) VALUES (1010, 'Language', 'Arabic - Libya');
INSERT INTO tags (ID, TYPE, NAME) VALUES (1011, 'Language', 'Arabic - Morocco');
INSERT INTO tags (ID, TYPE, NAME) VALUES (1012, 'Language', 'Arabic - Oman');
INSERT INTO tags (ID, TYPE, NAME) VALUES (1013, 'Language', 'Arabic - Qatar');
INSERT INTO tags (ID, TYPE, NAME) VALUES (1014, 'Language', 'Arabic - Saudi Arabia');
INSERT INTO tags (ID, TYPE, NAME) VALUES (1015, 'Language', 'Arabic - Syria');
INSERT INTO tags (ID, TYPE, NAME) VALUES (1016, 'Language', 'Arabic - Tunisia');
INSERT INTO tags (ID, TYPE, NAME) VALUES (1017, 'Language', 'Arabic - United Arab Emirates');
INSERT INTO tags (ID, TYPE, NAME) VALUES (1018, 'Language', 'Arabic - Yemen');
INSERT INTO tags (ID, TYPE, NAME) VALUES (1019, 'Language', 'Armenian');
INSERT INTO tags (ID, TYPE, NAME) VALUES (1020, 'Language', 'Assamese');
INSERT INTO tags (ID, TYPE, NAME) VALUES (1021, 'Language', 'Azeri - Cyrillic');
INSERT INTO tags (ID, TYPE, NAME) VALUES (1022, 'Language', 'Azeri - Latin');
INSERT INTO tags (ID, TYPE, NAME) VALUES (1023, 'Language', 'Basque');
INSERT INTO tags (ID, TYPE, NAME) VALUES (1024, 'Language', 'Belarusian');
INSERT INTO tags (ID, TYPE, NAME) VALUES (1025, 'Language', 'Bengali - Bangladesh');
INSERT INTO tags (ID, TYPE, NAME) VALUES (1026, 'Language', 'Bengali - India');
INSERT INTO tags (ID, TYPE, NAME) VALUES (1027, 'Language', 'Bosnian');
INSERT INTO tags (ID, TYPE, NAME) VALUES (1028, 'Language', 'Bulgarian');
INSERT INTO tags (ID, TYPE, NAME) VALUES (1029, 'Language', 'Burmese');
INSERT INTO tags (ID, TYPE, NAME) VALUES (1030, 'Language', 'Catalan');
INSERT INTO tags (ID, TYPE, NAME) VALUES (1031, 'Language', 'Chinese - China');
INSERT INTO tags (ID, TYPE, NAME) VALUES (1032, 'Language', 'Chinese - Hong Kong SAR');
INSERT INTO tags (ID, TYPE, NAME) VALUES (1033, 'Language', 'Chinese - Macau SAR');
INSERT INTO tags (ID, TYPE, NAME) VALUES (1034, 'Language', 'Chinese - Singapore');
INSERT INTO tags (ID, TYPE, NAME) VALUES (1035, 'Language', 'Chinese - Taiwan');
INSERT INTO tags (ID, TYPE, NAME) VALUES (1036, 'Language', 'Croatian');
INSERT INTO tags (ID, TYPE, NAME) VALUES (1037, 'Language', 'Czech');
INSERT INTO tags (ID, TYPE, NAME) VALUES (1038, 'Language', 'Danish');
INSERT INTO tags (ID, TYPE, NAME) VALUES (1039, 'Language', 'Divehi');
INSERT INTO tags (ID, TYPE, NAME) VALUES (1040, 'Language', 'Dutch - Belgium');
INSERT INTO tags (ID, TYPE, NAME) VALUES (1041, 'Language', 'Dutch - Netherlands');
INSERT INTO tags (ID, TYPE, NAME) VALUES (1042, 'Language', 'Edo');
INSERT INTO tags (ID, TYPE, NAME) VALUES (1043, 'Language', 'English - Australia');
INSERT INTO tags (ID, TYPE, NAME) VALUES (1044, 'Language', 'English - Belize');
INSERT INTO tags (ID, TYPE, NAME) VALUES (1045, 'Language', 'English - Canada');
INSERT INTO tags (ID, TYPE, NAME) VALUES (1046, 'Language', 'English - Caribbean');
INSERT INTO tags (ID, TYPE, NAME) VALUES (1047, 'Language', 'English - Great Britain');
INSERT INTO tags (ID, TYPE, NAME) VALUES (1048, 'Language', 'English - India');
INSERT INTO tags (ID, TYPE, NAME) VALUES (1049, 'Language', 'English - Ireland');
INSERT INTO tags (ID, TYPE, NAME) VALUES (1050, 'Language', 'English - Jamaica');
INSERT INTO tags (ID, TYPE, NAME) VALUES (1051, 'Language', 'English - New Zealand');
INSERT INTO tags (ID, TYPE, NAME) VALUES (1052, 'Language', 'English - Phillippines');
INSERT INTO tags (ID, TYPE, NAME) VALUES (1053, 'Language', 'English - Southern Africa');
INSERT INTO tags (ID, TYPE, NAME) VALUES (1054, 'Language', 'English - Trinidad');
INSERT INTO tags (ID, TYPE, NAME) VALUES (1055, 'Language', 'English - United States');
INSERT INTO tags (ID, TYPE, NAME) VALUES (1056, 'Language', 'English - Zimbabwe');
INSERT INTO tags (ID, TYPE, NAME) VALUES (1057, 'Language', 'Estonian');
INSERT INTO tags (ID, TYPE, NAME) VALUES (1058, 'Language', 'FYRO Macedonia');
INSERT INTO tags (ID, TYPE, NAME) VALUES (1059, 'Language', 'Faroese');
INSERT INTO tags (ID, TYPE, NAME) VALUES (1060, 'Language', 'Farsi - Persian');
INSERT INTO tags (ID, TYPE, NAME) VALUES (1061, 'Language', 'Filipino');
INSERT INTO tags (ID, TYPE, NAME) VALUES (1062, 'Language', 'Finnish');
INSERT INTO tags (ID, TYPE, NAME) VALUES (1063, 'Language', 'French - Belgium');
INSERT INTO tags (ID, TYPE, NAME) VALUES (1064, 'Language', 'French - Cameroon');
INSERT INTO tags (ID, TYPE, NAME) VALUES (1065, 'Language', 'French - Canada');
INSERT INTO tags (ID, TYPE, NAME) VALUES (1066, 'Language', 'French - Congo');
INSERT INTO tags (ID, TYPE, NAME) VALUES (1068, 'Language', 'French - France');
INSERT INTO tags (ID, TYPE, NAME) VALUES (1069, 'Language', 'French - Luxembourg');
INSERT INTO tags (ID, TYPE, NAME) VALUES (1070, 'Language', 'French - Mali');
INSERT INTO tags (ID, TYPE, NAME) VALUES (1071, 'Language', 'French - Monaco');
INSERT INTO tags (ID, TYPE, NAME) VALUES (1072, 'Language', 'French - Morocco');
INSERT INTO tags (ID, TYPE, NAME) VALUES (1073, 'Language', 'French - Senegal');
INSERT INTO tags (ID, TYPE, NAME) VALUES (1074, 'Language', 'French - Switzerland');
INSERT INTO tags (ID, TYPE, NAME) VALUES (1075, 'Language', 'French - West Indies');
INSERT INTO tags (ID, TYPE, NAME) VALUES (1076, 'Language', 'Frisian - Netherlands');
INSERT INTO tags (ID, TYPE, NAME) VALUES (1077, 'Language', 'Gaelic - Ireland');
INSERT INTO tags (ID, TYPE, NAME) VALUES (1078, 'Language', 'Gaelic - Scotland');
INSERT INTO tags (ID, TYPE, NAME) VALUES (1079, 'Language', 'Galician');
INSERT INTO tags (ID, TYPE, NAME) VALUES (1080, 'Language', 'Georgian');
INSERT INTO tags (ID, TYPE, NAME) VALUES (1081, 'Language', 'German - Austria');
INSERT INTO tags (ID, TYPE, NAME) VALUES (1082, 'Language', 'German - Germany');
INSERT INTO tags (ID, TYPE, NAME) VALUES (1083, 'Language', 'German - Liechtenstein');
INSERT INTO tags (ID, TYPE, NAME) VALUES (1084, 'Language', 'German - Luxembourg');
INSERT INTO tags (ID, TYPE, NAME) VALUES (1085, 'Language', 'German - Switzerland');
INSERT INTO tags (ID, TYPE, NAME) VALUES (1086, 'Language', 'Greek');
INSERT INTO tags (ID, TYPE, NAME) VALUES (1087, 'Language', 'Guarani - Paraguay');
INSERT INTO tags (ID, TYPE, NAME) VALUES (1088, 'Language', 'Gujarati');
INSERT INTO tags (ID, TYPE, NAME) VALUES (1089, 'Language', 'HID (Human Interface Device)');
INSERT INTO tags (ID, TYPE, NAME) VALUES (1090, 'Language', 'Hebrew');
INSERT INTO tags (ID, TYPE, NAME) VALUES (1091, 'Language', 'Hindi');
INSERT INTO tags (ID, TYPE, NAME) VALUES (1092, 'Language', 'Hungarian');
INSERT INTO tags (ID, TYPE, NAME) VALUES (1093, 'Language', 'Icelandic');
INSERT INTO tags (ID, TYPE, NAME) VALUES (1094, 'Language', 'Igbo - Nigeria');
INSERT INTO tags (ID, TYPE, NAME) VALUES (1095, 'Language', 'Indonesian');
INSERT INTO tags (ID, TYPE, NAME) VALUES (1096, 'Language', 'Italian - Italy');
INSERT INTO tags (ID, TYPE, NAME) VALUES (1097, 'Language', 'Italian - Switzerland');
INSERT INTO tags (ID, TYPE, NAME) VALUES (1098, 'Language', 'Japanese');
INSERT INTO tags (ID, TYPE, NAME) VALUES (1099, 'Language', 'Kannada');
INSERT INTO tags (ID, TYPE, NAME) VALUES (1100, 'Language', 'Kashmiri');
INSERT INTO tags (ID, TYPE, NAME) VALUES (1101, 'Language', 'Kazakh');
INSERT INTO tags (ID, TYPE, NAME) VALUES (1102, 'Language', 'Khmer');
INSERT INTO tags (ID, TYPE, NAME) VALUES (1103, 'Language', 'Konkani');
INSERT INTO tags (ID, TYPE, NAME) VALUES (1104, 'Language', 'Korean');
INSERT INTO tags (ID, TYPE, NAME) VALUES (1105, 'Language', 'Kyrgyz - Cyrillic');
INSERT INTO tags (ID, TYPE, NAME) VALUES (1106, 'Language', 'Lao');
INSERT INTO tags (ID, TYPE, NAME) VALUES (1107, 'Language', 'Latin');
INSERT INTO tags (ID, TYPE, NAME) VALUES (1108, 'Language', 'Latvian');
INSERT INTO tags (ID, TYPE, NAME) VALUES (1109, 'Language', 'Lithuanian');
INSERT INTO tags (ID, TYPE, NAME) VALUES (1110, 'Language', 'Malay - Brunei');
INSERT INTO tags (ID, TYPE, NAME) VALUES (1111, 'Language', 'Malay - Malaysia');
INSERT INTO tags (ID, TYPE, NAME) VALUES (1112, 'Language', 'Malayalam');
INSERT INTO tags (ID, TYPE, NAME) VALUES (1113, 'Language', 'Maltese');
INSERT INTO tags (ID, TYPE, NAME) VALUES (1114, 'Language', 'Manipuri');
INSERT INTO tags (ID, TYPE, NAME) VALUES (1115, 'Language', 'Maori');
INSERT INTO tags (ID, TYPE, NAME) VALUES (1116, 'Language', 'Marathi');
INSERT INTO tags (ID, TYPE, NAME) VALUES (1117, 'Language', 'Mongolian');
INSERT INTO tags (ID, TYPE, NAME) VALUES (1118, 'Language', 'Mongolian');
INSERT INTO tags (ID, TYPE, NAME) VALUES (1119, 'Language', 'Nepali');
INSERT INTO tags (ID, TYPE, NAME) VALUES (1120, 'Language', 'Norwegian - Bokml');
INSERT INTO tags (ID, TYPE, NAME) VALUES (1121, 'Language', 'Norwegian - Nynorsk');
INSERT INTO tags (ID, TYPE, NAME) VALUES (1122, 'Language', 'Oriya');
INSERT INTO tags (ID, TYPE, NAME) VALUES (1123, 'Language', 'Polish');
INSERT INTO tags (ID, TYPE, NAME) VALUES (1124, 'Language', 'Portuguese - Brazil');
INSERT INTO tags (ID, TYPE, NAME) VALUES (1125, 'Language', 'Portuguese - Portugal');
INSERT INTO tags (ID, TYPE, NAME) VALUES (1126, 'Language', 'Punjabi');
INSERT INTO tags (ID, TYPE, NAME) VALUES (1127, 'Language', 'Raeto-Romance');
INSERT INTO tags (ID, TYPE, NAME) VALUES (1128, 'Language', 'Romanian - Moldova');
INSERT INTO tags (ID, TYPE, NAME) VALUES (1129, 'Language', 'Romanian - Romania');
INSERT INTO tags (ID, TYPE, NAME) VALUES (1130, 'Language', 'Russian');
INSERT INTO tags (ID, TYPE, NAME) VALUES (1131, 'Language', 'Russian - Moldova');
INSERT INTO tags (ID, TYPE, NAME) VALUES (1132, 'Language', 'Sami Lappish');
INSERT INTO tags (ID, TYPE, NAME) VALUES (1133, 'Language', 'Sanskrit');
INSERT INTO tags (ID, TYPE, NAME) VALUES (1134, 'Language', 'Serbian - Cyrillic');
INSERT INTO tags (ID, TYPE, NAME) VALUES (1135, 'Language', 'Serbian - Latin');
INSERT INTO tags (ID, TYPE, NAME) VALUES (1136, 'Language', 'Sesotho (Sutu)');
INSERT INTO tags (ID, TYPE, NAME) VALUES (1137, 'Language', 'Setsuana');
INSERT INTO tags (ID, TYPE, NAME) VALUES (1138, 'Language', 'Sindhi');
INSERT INTO tags (ID, TYPE, NAME) VALUES (1139, 'Language', 'Sinhala');
INSERT INTO tags (ID, TYPE, NAME) VALUES (1140, 'Language', 'Slovak');
INSERT INTO tags (ID, TYPE, NAME) VALUES (1141, 'Language', 'Slovenian');
INSERT INTO tags (ID, TYPE, NAME) VALUES (1142, 'Language', 'Somali');
INSERT INTO tags (ID, TYPE, NAME) VALUES (1143, 'Language', 'Sorbian');
INSERT INTO tags (ID, TYPE, NAME) VALUES (1144, 'Language', 'Spanish - Argentina');
INSERT INTO tags (ID, TYPE, NAME) VALUES (1145, 'Language', 'Spanish - Bolivia');
INSERT INTO tags (ID, TYPE, NAME) VALUES (1146, 'Language', 'Spanish - Chile');
INSERT INTO tags (ID, TYPE, NAME) VALUES (1147, 'Language', 'Spanish - Colombia');
INSERT INTO tags (ID, TYPE, NAME) VALUES (1148, 'Language', 'Spanish - Costa Rica');
INSERT INTO tags (ID, TYPE, NAME) VALUES (1149, 'Language', 'Spanish - Dominican Republic');
INSERT INTO tags (ID, TYPE, NAME) VALUES (1150, 'Language', 'Spanish - Ecuador');
INSERT INTO tags (ID, TYPE, NAME) VALUES (1151, 'Language', 'Spanish - El Salvador');
INSERT INTO tags (ID, TYPE, NAME) VALUES (1152, 'Language', 'Spanish - Guatemala');
INSERT INTO tags (ID, TYPE, NAME) VALUES (1153, 'Language', 'Spanish - Honduras');
INSERT INTO tags (ID, TYPE, NAME) VALUES (1154, 'Language', 'Spanish - Mexico');
INSERT INTO tags (ID, TYPE, NAME) VALUES (1155, 'Language', 'Spanish - Nicaragua');
INSERT INTO tags (ID, TYPE, NAME) VALUES (1156, 'Language', 'Spanish - Panama');
INSERT INTO tags (ID, TYPE, NAME) VALUES (1157, 'Language', 'Spanish - Paraguay');
INSERT INTO tags (ID, TYPE, NAME) VALUES (1158, 'Language', 'Spanish - Peru');
INSERT INTO tags (ID, TYPE, NAME) VALUES (1159, 'Language', 'Spanish - Puerto Rico');
INSERT INTO tags (ID, TYPE, NAME) VALUES (1160, 'Language', 'Spanish - Spain (Traditional)');
INSERT INTO tags (ID, TYPE, NAME) VALUES (1161, 'Language', 'Spanish - Uruguay');
INSERT INTO tags (ID, TYPE, NAME) VALUES (1162, 'Language', 'Spanish - Venezuela');
INSERT INTO tags (ID, TYPE, NAME) VALUES (1163, 'Language', 'Swahili');
INSERT INTO tags (ID, TYPE, NAME) VALUES (1164, 'Language', 'Swedish - Finland');
INSERT INTO tags (ID, TYPE, NAME) VALUES (1165, 'Language', 'Swedish - Sweden');
INSERT INTO tags (ID, TYPE, NAME) VALUES (1166, 'Language', 'Syriac');
INSERT INTO tags (ID, TYPE, NAME) VALUES (1167, 'Language', 'Tajik');
INSERT INTO tags (ID, TYPE, NAME) VALUES (1168, 'Language', 'Tamil');
INSERT INTO tags (ID, TYPE, NAME) VALUES (1169, 'Language', 'Tatar');
INSERT INTO tags (ID, TYPE, NAME) VALUES (1170, 'Language', 'Telugu');
INSERT INTO tags (ID, TYPE, NAME) VALUES (1171, 'Language', 'Thai');
INSERT INTO tags (ID, TYPE, NAME) VALUES (1172, 'Language', 'Tibetan');
INSERT INTO tags (ID, TYPE, NAME) VALUES (1173, 'Language', 'Tsonga');
INSERT INTO tags (ID, TYPE, NAME) VALUES (1174, 'Language', 'Turkish');
INSERT INTO tags (ID, TYPE, NAME) VALUES (1175, 'Language', 'Turkmen');
INSERT INTO tags (ID, TYPE, NAME) VALUES (1176, 'Language', 'Ukrainian');
INSERT INTO tags (ID, TYPE, NAME) VALUES (1177, 'Language', 'Unicode');
INSERT INTO tags (ID, TYPE, NAME) VALUES (1178, 'Language', 'Urdu');
INSERT INTO tags (ID, TYPE, NAME) VALUES (1179, 'Language', 'Uzbek - Cyrillic');
INSERT INTO tags (ID, TYPE, NAME) VALUES (1180, 'Language', 'Uzbek - Latin');
INSERT INTO tags (ID, TYPE, NAME) VALUES (1181, 'Language', 'Venda');
INSERT INTO tags (ID, TYPE, NAME) VALUES (1182, 'Language', 'Vietnamese');
INSERT INTO tags (ID, TYPE, NAME) VALUES (1183, 'Language', 'Welsh');
INSERT INTO tags (ID, TYPE, NAME) VALUES (1184, 'Language', 'Xhosa');
INSERT INTO tags (ID, TYPE, NAME) VALUES (1185, 'Language', 'Yiddish');
INSERT INTO tags (ID, TYPE, NAME) VALUES (1186, 'Language', 'Zulu');

INSERT INTO tags (ID, TYPE, NAME) VALUES (2000, 'Skill', 'Drivers license');
INSERT INTO tags (ID, TYPE, NAME) VALUES (2001, 'Skill', 'Bank account');
INSERT INTO tags (ID, TYPE, NAME) VALUES (2002, 'Skill', 'VISA');
INSERT INTO tags (ID, TYPE, NAME) VALUES (2003, 'Skill', 'Immigration documents');
INSERT INTO tags (ID, TYPE, NAME) VALUES (2004, 'Skill', 'Renew VISA');
INSERT INTO tags (ID, TYPE, NAME) VALUES (2005, 'Skill', 'Cell phone service');
INSERT INTO tags (ID, TYPE, NAME) VALUES (2006, 'Skill', 'Apartment');
INSERT INTO tags (ID, TYPE, NAME) VALUES (2007, 'Skill', 'Language assistance for low language ');
INSERT INTO tags (ID, TYPE, NAME) VALUES (2008, 'Skill', 'Navigate resources in community');
INSERT INTO tags (ID, TYPE, NAME) VALUES (2009, 'Skill', 'Government offices');
INSERT INTO tags (ID, TYPE, NAME) VALUES (2010, 'Skill', 'Food stamps');
INSERT INTO tags (ID, TYPE, NAME) VALUES (2011, 'Skill', 'Involved at kids schools');
INSERT INTO tags (ID, TYPE, NAME) VALUES (2012, 'Skill', 'Professional networking');
INSERT INTO tags (ID, TYPE, NAME) VALUES (2013, 'Skill', 'Liability of transportation');
INSERT INTO tags (ID, TYPE, NAME) VALUES (2014, 'Skill', 'Healthcare');
INSERT INTO tags (ID, TYPE, NAME) VALUES (2015, 'Skill', 'Education');
INSERT INTO tags (ID, TYPE, NAME) VALUES (2016, 'Skill', 'Employment ');
INSERT INTO tags (ID, TYPE, NAME) VALUES (2017, 'Skill', 'Navigation assistance');
INSERT INTO tags (ID, TYPE, NAME) VALUES (2018, 'Skill', 'Bus route');
INSERT INTO tags (ID, TYPE, NAME) VALUES (2019, 'Skill', 'How to read a phone bill');

INSERT INTO ambassador_tags (AMBASSADOR_ID, TAG_ID) VALUES (1, 1043);
INSERT INTO ambassador_tags (AMBASSADOR_ID, TAG_ID) VALUES (1, 1044);
INSERT INTO ambassador_tags (AMBASSADOR_ID, TAG_ID) VALUES (1, 1045);
INSERT INTO ambassador_tags (AMBASSADOR_ID, TAG_ID) VALUES (1, 1046);
INSERT INTO ambassador_tags (AMBASSADOR_ID, TAG_ID) VALUES (1, 1003);
INSERT INTO ambassador_tags (AMBASSADOR_ID, TAG_ID) VALUES (1, 2000);

INSERT INTO ambassador_tags (AMBASSADOR_ID, TAG_ID) VALUES (2, 1022);
INSERT INTO ambassador_tags (AMBASSADOR_ID, TAG_ID) VALUES (2, 1056);
INSERT INTO ambassador_tags (AMBASSADOR_ID, TAG_ID) VALUES (2, 1085);
INSERT INTO ambassador_tags (AMBASSADOR_ID, TAG_ID) VALUES (2, 2000);
INSERT INTO ambassador_tags (AMBASSADOR_ID, TAG_ID) VALUES (2, 2015);
INSERT INTO ambassador_tags (AMBASSADOR_ID, TAG_ID) VALUES (2, 2006);

INSERT INTO ambassador_tags (AMBASSADOR_ID, TAG_ID) VALUES (3, 1063);
INSERT INTO ambassador_tags (AMBASSADOR_ID, TAG_ID) VALUES (3, 1064);
INSERT INTO ambassador_tags (AMBASSADOR_ID, TAG_ID) VALUES (3, 1065);
INSERT INTO ambassador_tags (AMBASSADOR_ID, TAG_ID) VALUES (3, 1066);
INSERT INTO ambassador_tags (AMBASSADOR_ID, TAG_ID) VALUES (3, 2005);
INSERT INTO ambassador_tags (AMBASSADOR_ID, TAG_ID) VALUES (3, 2006);
INSERT INTO ambassador_tags (AMBASSADOR_ID, TAG_ID) VALUES (3, 2015);
